0x33,database_name,0
0x33,table_name,1
0x34,database_name,0
0x34,table_name,1
0x34,index_name,2
0x34,stat_name,3
0x3939,Host,0
0x3939,Db,1
0x3939,User,2
0x313030,User,0
0x313031,Host,0
0x313031,User,1
0x313032,HOST,0
0x313032,USER,1
0x313032,DEFAULT_ROLE_HOST,2
0x313032,DEFAULT_ROLE_USER,3
0x313033,FROM_HOST,0
0x313033,FROM_USER,1
0x313033,TO_HOST,2
0x313033,TO_USER,3
0x313034,USER,0
0x313034,HOST,1
0x313034,PRIV,2
0x313035,Host,0
0x313035,User,1
0x313035,Password_timestamp,2
0x313036,name,0
0x313037,name,0
0x313336,name,0
0x313335,help_topic_id,0
0x313338,name,0
0x313337,help_category_id,0
0x313431,help_topic_id,1
0x313431,help_keyword_id,0
0x313133,Server_name,0
0x313135,Grantor,0
0x313134,Host,0
0x313134,Db,1
0x313134,User,2
0x313134,Table_name,3
0x313136,Host,0
0x313136,Db,1
0x313136,User,2
0x313136,Table_name,3
0x313136,Column_name,4
0x313430,name,0
0x313339,help_keyword_id,0
0x313139,Name,0
0x313230,Time_zone_id,0
0x313231,Time_zone_id,0
0x313231,Transition_time,1
0x313232,Time_zone_id,0
0x313232,Transition_type_id,1
0x313233,Transition_time,0
0x313235,Grantor,0
0x313234,Host,0
0x313234,Db,1
0x313234,User,2
0x313234,Routine_name,3
0x313234,Routine_type,4
0x313236,component_id,0
0x313237,Channel_name,0
0x313238,Channel_name,0
0x313239,Id,1
0x313239,Channel_name,0
0x313330,source_uuid,0
0x313330,interval_start,1
0x313331,cost_name,0
0x313332,engine_name,1
0x313332,device_type,2
0x313332,cost_name,0
0x313334,Grantor,0
0x313333,Host,0
0x313333,User,1
0x313333,Proxied_host,2
0x313333,Proxied_user,3
0x313432,variable,0
0x313734,id,0
0x313937,id,0
0x313938,id,0
0x313939,id,0
